{
  "project_info": {
    "project_number": "535903042804",
    "firebase_url": "https://fasthub-dev-a1309.firebaseio.com",
    "project_id": "fasthub-dev-a1309",
    "storage_bucket": "fasthub-dev-a1309.appspot.com"
  },
  "client": [
    {
      "client_info": {
        "mobilesdk_app_id": "1:535903042804:android:516309017e0298c938b2a1",
        "android_client_info": {
          "package_name": "com.fastaccess.github.debug"
        }
      },
      "oauth_client": [
        {
          "client_id": "535903042804-14481m7poceb7ojv5roddqm28pg4ch5n.apps.googleusercontent.com",
          "client_type": 3
        }
      ],
      "api_key": [
        {
          "current_key": "AIzaSyBbRQtQN1UxFRgeSSfjZwQ5TRulc2lZUzI"
        }
      ],
      "services": {
        "appinvite_service": {
          "other_platform_oauth_client": [
            {
              "client_id": "535903042804-14481m7poceb7ojv5roddqm28pg4ch5n.apps.googleusercontent.com",
              "client_type": 3
            }
          ]
        }
      }
    }
  ],
  "configuration_version": "1"
}